ID,Date,Platform,Handle/Email,Brand Name,Website,Country,Type,Followers_Est,Signal,Status,Template,Notes
1,Day1,Instagram,@dealwdevil,Deal with Devil,,Australia,Streetwear,5K-15K,Luxury streetwear startup Starter Story featured,New,A,Founded by Lachlan Sonter. Custom garments. Found via Starter Story.
2,Day1,Instagram,@amosesclothing,Amoses Clothing,amosesclothing.com,France,Streetwear,10K-30K,Custom manufacturing w/ Turkish workshop — could save $$ w/ China,New,C,Email: contact@amosesclothing.com. Already doing custom.
3,Day1,Instagram,@pleasepaulostopcappin,PPSC,,France,Streetwear,5K-20K,Collab brand — growing fast. Needs reliable manufacturer,New,A,French streetwear. Collab drops. High intent for scale.
4,Day1,Email,contact@amosesclothing.com,Amoses Clothing,amosesclothing.com,France,Streetwear,10K-30K,Already does custom manufacturing with Turkish workshop,New,C,Direct email available. Pitch: match quality + save 30% vs Turkey.
5,Day1,Instagram,@thorfitnesseurope,Thor Fitness Europe,thorfitnesseurope.com,UK,Gym/CrossFit,2K-8K,Small UK CrossFit brand — sells online + events. Founded 2018,New,B,Joel St John founder. London HQ. CrossFit community brand.
6,Day1,Instagram,Search: #clothingbrand recent,SEARCH TARGET,,USA,Streetwear,1K-30K,Using POD or generic blanks — qualify by looking at product photos,New,A,Search #clothingbrand > filter Recent > find accounts w/ Shopify links
7,Day1,Instagram,Search: #streetwearbrand recent,SEARCH TARGET,,USA/UK,Streetwear,1K-30K,Starting brand — bio says "new drop" or "launching soon",New,A,Search #streetwearbrand > filter Recent > look for launch language in bio
8,Day1,Instagram,Search: #gymwear recent,SEARCH TARGET,,USA/UK/AU,Gym,1K-20K,Gym brand using Printful or generic ActiveWear blanks,New,B,Search #gymwear > look for brands with 3-10 SKUs and POD-looking photography
9,Day1,Instagram,Search: #activewear recent,SEARCH TARGET,,USA/UK/AU,Activewear,1K-20K,Activewear startup — tight leggings and sports bras from blanks,New,B,Filter: accounts 1K-15K followers. Shopify link in bio = high intent
10,Day1,Instagram,Search: #newbrand recent,SEARCH TARGET,,USA,DTC,500-5K,Just launched brand — "available now" in bio. Very high intent.,New,A,Best time to contact: when they just announced a launch
11,Day1,Reddit,r/streetwear post,COMMUNITY POST,,Global,Streetwear,N/A,Post: "What to look for in a clothing manufacturer" — get replies,New,REDDIT1,Post helpful advice. Reply to DMs with potatoapparel.com link
12,Day1,Reddit,r/Entrepreneur post,COMMUNITY POST,,Global,Brand Builder,N/A,Post: "Common mistakes when starting a clothing brand",New,REDDIT2,Position as manufacturer expert. Link to blog in comments if allowed
13,Day1,Reddit,r/AmazonFBA post,COMMUNITY POST,,USA/UK,Amazon Seller,N/A,Answer: "Best manufacturer for private label clothing?" threads,New,REDDIT3,High commercial intent. Amazon sellers pay well.
14,Day1,Quora,Answer thread,COMMUNITY POST,,Global,Brand Builder,N/A,Answer: "How to find low MOQ clothing manufacturer" questions,New,QUORA1,Two live threads found. Answer with value + link.
15,Day1,LinkedIn,Search: "clothing brand founder" USA,LINKEDIN TARGET,,USA,DTC/Brand,500-5K connections,Brand founders sharing content about manufacturing challenges,New,LI_A,Search string: "clothing brand" "founder" filter USA past 30 days
16,Day1,LinkedIn,Search: "streetwear" "owner" UK,LINKEDIN TARGET,,UK,Streetwear,300-2K connections,UK streetwear brand owners active on LinkedIn,New,LI_A,Search string: "streetwear" "brand owner" UK
17,Day1,LinkedIn,Search: "private label clothing" Amazon,LINKEDIN TARGET,,USA/UK,Amazon FBA,1K-10K connections,Amazon sellers looking for private label clothing suppliers,New,LI_B,Search: "Amazon FBA" "private label" "clothing" — high purchase intent
18,Day1,Facebook,Clothing Brand Entrepreneurs group,COMMUNITY POST,,Global,Brand Builder,N/A,Post asking about manufacturing challenges,New,FB1,Join group. Lurk 24h. Post Day 3.
19,Day1,Facebook,Shopify Clothing Brands group,COMMUNITY POST,,Global,Shopify,N/A,Post: success story from using a real manufacturer vs POD,New,FB2,Join group. Engage with existing posts first.
20,Day1,Facebook,Amazon FBA Private Label group,COMMUNITY POST,,Global,Amazon FBA,N/A,Post: guide on finding quality clothing manufacturer,New,FB3,High intent audience. Posts get lots of engagement.
21,Day1,Instagram,Search: #brandowner recent,SEARCH TARGET,,USA,DTC,1K-15K,Active brand owners — often post about manufacturing struggles,New,A,Look for captions mentioning "samples" "manufacturer" "production"
22,Day1,Instagram,Search: #hoodies recent,SEARCH TARGET,,USA/UK,Streetwear,1K-30K,Hoodie brands — check if doing custom or buying blank Gildan/Fruit,New,A,If product photos show blank-looking hoodies = high intent target
23,Day1,Instagram,Search: #smallbusiness recent clothing,SEARCH TARGET,,USA,DTC,500-5K,Very small brands — often still on POD. Ready to upgrade.,New,A,Look for bio: "ships from [city]" — suggests they fulfill themselves
24,Day1,Instagram,Search: #dtcbrand recent,SEARCH TARGET,,USA,DTC,500-10K,Direct-to-consumer brand founders — often talk about manufacturing,New,A,Check if they mention POD or manufacturing in their posts
25,Day1,Instagram,Search: #amazonfba clothing,SEARCH TARGET,,USA,Amazon FBA,1K-20K,Amazon FBA sellers who post about their clothing products,New,B,High commercial intent. Ask about FNSKU labelling experience.
26,Day1,TikTok,Search: "starting clothing brand",TIKTOK TARGET,,USA,Brand Builder,1K-50K,Documenting their brand journey — very high intent,New,TIKTOK_A,DM on TikTok. Use template TIKTOK_A.
27,Day1,TikTok,Search: "my clothing brand",TIKTOK TARGET,,USA/UK,DTC,5K-100K,Active brand content creators — might need better manufacturer,New,TIKTOK_A,Look for brands with 3-15 products. High engagement = real business.
28,Day1,TikTok,Search: "brand haul" hoodie,TIKTOK TARGET,,USA,Streetwear,5K-50K,Brand haul videos often feature startup streetwear brands,New,TIKTOK_A,Find the brands being featured in hauls — they're actively growing
29,Day1,TikTok,Search: "Printful" OR "Printify" "brand",TIKTOK TARGET,,USA/UK,POD,1K-30K,POD users — highest intent for switching to real manufacturing,New,TIKTOK_B,Mention the quality + margin advantage of cut & sew vs POD
30,Day1,Email,HRDLF contact page,HRDLF,hrdlf.com,USA (Philadelphia),Streetwear,N/A,Independent brand 20 years. Solo operation. Might want scale help,New,EMAIL_A,Visit hrdlf.com/contact to get email
31,Day1,Instagram,@hrdlf or search,HRDLF,hrdlf.com,USA,Streetwear,5K-20K,Independent Philadelphia streetwear — 20 years running solo,New,A,Brooks Duvall founder. Respect the brand. Pitch scale not replacement.
32,Day1,Instagram,Search: #gymbrand recent,SEARCH TARGET,,UK/USA,Gym,1K-15K,Gym clothing brand just posting — check if custom or POD,New,B,UK gym brands especially likely to be looking for better manufacturing
33,Day1,Instagram,Search: #fitnessapparel recent,SEARCH TARGET,,USA/AU,Activewear,1K-20K,Fitness apparel brands — growing segment. Often start on POD,New,B,Australia fitness brands especially high value — already know about quality
34,Day1,Instagram,Search: #clothingline recent,SEARCH TARGET,,USA,DTC,500-10K,People starting clothing lines — very early stage buyers,New,A,Lots of new brands here. Filter by recent post date + Shopify link
35,Day1,Instagram,Search: #urbanclothing recent,SEARCH TARGET,,UK/USA,Streetwear,1K-15K,Urban clothing brands — UK market especially active,New,A,UK urban brands often scale fast. MOQ 50 is very attractive.
36,Day1,LinkedIn,Post: Manufacturing guide,CONTENT PLAY,,Global,Brand Builder,N/A,Publish: "5 things I wish I knew before ordering from a clothing factory",New,LI_POST,Publish as personal LinkedIn post. Tag Potato Apparel. Drive to blog.
37,Day1,Instagram,Search: #privateLabelBrand recent,SEARCH TARGET,,USA,Amazon/DTC,1K-20K,Private label brand starters — VERY high purchase intent,New,B,These people KNOW what private label is. Skip education — pitch directly.
38,Day1,Instagram,Search: #tshirtbrand recent,SEARCH TARGET,,USA,DTC,500-15K,T-shirt brand starters — often on POD. Ready to switch.,New,A,Ask: "Are you using a custom manufacturer or service like Printful?"
39,Day1,Instagram,Search: #hoodieseason recent brand,SEARCH TARGET,,USA/UK,Streetwear,1K-20K,Hoodie-first brands — heavy weight is a premium signal,New,A,Look for brands selling hoodies at $65-100 — they care about quality
40,Day1,Instagram,Search: #startupbrand clothing,SEARCH TARGET,,USA,DTC,500-5K,Very early startups — they NEED a manufacturer partner,New,A,Most open to switching from POD. Budget: $500-2000 first order.
41,Day1,Email,Find via website,HumanWithAttitude,humanwithattitude.com,France,Streetwear,5K-30K,Sports-music-art collective. Growing rapidly. Turkish workshop similar to Amoses.,New,EMAIL_A,Visit humanwithattitude.com to find contact email
42,Day1,Instagram,Search: #dubaifashion recent brand,SEARCH TARGET,,UAE,Luxury/Streetwear,2K-30K,Dubai fashion brands — high margin buyers. DDP shipping available.,New,A,UAE brands pay premium for quality. Shorter sea freight vs Europe.
43,Day1,Instagram,Search: #saudiarabia fashion brand,SEARCH TARGET,,Saudi Arabia,Fashion,2K-20K,Saudi fashion brands — rapidly growing market,New,A,Arabic caption capability helps. DDP to Saudi available.
44,Day1,Instagram,Search: #australianfashion brand,SEARCH TARGET,,Australia,Fashion/Streetwear,1K-20K,Australian fashion brands — English speaking + high margin market,New,A,Australia brands love quality. Sea freight 22-28 days.
45,Day1,Instagram,Search: #canadianstreetwear brand,SEARCH TARGET,,Canada,Streetwear,1K-15K,Canadian streetwear — underserved market. Less competition for manufacturer attention,New,A,Toronto/Vancouver streetwear scenes are very active.
46,Day1,Instagram,Search: #germanstreetwear OR #deutschstreetwear,SEARCH TARGET,,Germany,Streetwear,1K-15K,German streetwear — growing DTC market. EU shipping 22-28 days.,New,A,German buyers value quality documentation. Show AQL cert.
47,Day1,LinkedIn,Search: "Amazon seller" clothing private label UK,LINKEDIN TARGET,,UK,Amazon FBA,500-5K connections,UK Amazon FBA clothing sellers — post-Brexit sourcing challenges,New,LI_B,UK sellers especially motivated to find good DDP shipping options.
48,Day1,LinkedIn,Search: "Shopify store" clothing brand founder Australia,LINKEDIN TARGET,,Australia,Shopify DTC,300-3K connections,Australian Shopify clothing brand founders,New,LI_A,Australia Shopify brands growing fast. Samples in 7 days very attractive.
49,Day1,Instagram,Search: #emergingdesigner recent,SEARCH TARGET,,USA/UK,Independent,1K-10K,Emerging designers — trained in design but need manufacturing,New,A,Fashion school grads often have great designs but no factory connection.
50,Day1,Email,Via website contact forms,TARGETED EMAIL,,Global,Various,N/A,Send personalized emails to 10 brand websites found via search,New,EMAIL_B,Use brand website contact form. Subject: "Manufacturer question for [Brand]"
